{
    "Addimage": {},
    "AddstickerLeave": {
        "sid": "",
        "spkg": "",
        "status": false
    },
    "AddstickerPesan": {
        "sid": "",
        "spkg": "",
        "status": false
    },
    "AddstickerSider": {
        "sid": "",
        "spkg": "",
        "status": false
    },
    "AddstickerTag": {
        "sid": "",
        "spkg": "",
        "status": false
    },
    "AddstickerWelcome": {
        "sid": "",
        "spkg": "",
        "status": false
    },
    "Addvideo": {},
    "Images": {},
    "Img": {},
    "Limit": 50,
    "Mentionkick": false,
    "Respontag": "Jangan Tag Tag Woe -_-",
    "Talkblacklist": {},
    "Talkdblacklist": false,
    "Talkwblacklist": false,
    "Timeline": false,
    "Video": {},
    "Videos": {},
    "addadmin": false,
    "addbots": false,
    "addstaff": false,
    "admin": {},
    "apkTikel": true,
    "autoAdd": false,
    "autoBlock": false,
    "autoJoin": false,
    "autoLeave": false,
    "autoLeave1": true,
    "blacklist": {},
    "bots": {},
    "changeFoto": {},
    "comment": "\n U want selfbot ? \nU want bot protect?\n\n💻Selfbot Only  ✔\n💻Selfbot Asiss  ✔\n💻Request Assist ✔\nj\n  🛠Bot Protection🛠\n────────────    \n💻Owner    ✔\n💻Admin    ✔\n💻Protection room  ✔\n──────────── \n      👑 Owner 👑\nline.me/ti/p/~zul.1.02\n──────────── \n      ♻️ Familly ♻️\nline.me/ti/p/~zul.1.02\nline.me/ti/p/~zul.1.02\n──────────── \n🀄ᴀᴘᴋ ᴀʟɪᴀɴᴄᴇ ᴛᴇᴀᴍ 🕊\n──────────── ",
    "contact": false,
    "dblacklist": false,
    "delladmin": false,
    "dellbots": false,
    "dellstaff": false,
    "detectMention": false,
    "laranganOn": true,
    "leave": "Selamat Tinggal Kk See You Next Tomorrow !",
    "likeOn": false,
    "mention": "Gak Mau Chat Kah Kak?",
    "message": "Thanks for add me..",
    "owner": {},
    "selfbot": true,
    "staff": {},
    "sticker": true,
    "stickerOn": false,
    "stickers": {},
    "stk": "thanks",
    "talkban": false,
    "unsend": false,
    "wblacklist": false,
    "welcome": "Selamat Datang Kk !!",
    "welcomeOn": false
}