{
  "history_upname": {
    "ua6105e31b80ad992f5dcc02003a9ecd6": [
      "moko"
    ],
    "udeed7267b01ce8aa3bb685de9eb1faab": [
      "TEAM TERMUX"
    ],
    "ubcf9785fbf18b647d354e0518db12986": [
      "\udbc9\udf02\udbc0\udd13\u0586\u041d\u0404\u0418\udbff\udfff\udbc9\udf02\udbc0\udd19\udbff\udfff\udbc9\udf02\udbc0\udd01\udbff\udfff\udbc9\udf02\udbc0\udd0e\udbff\udfff\udbc9\udf02\udbc0\udd0b\udbff\udfff"
    ],
    "ub7d4cd5466381468173e0ce46397f896": [
      "\u083e\ud83c\udf3c\u20df\ud835\udd7e\ud835\udd8a\u0365\u1ab6\ud835\udd92\u1de2\u1ab6\ud835\udd94\u2de8\u1ab6\ud835\udd9d\u0363\u1ab6\ud83e\uddda\ud83c\udffc\u20e2\u20dd"
    ],
    "u4375a90bf7467552589f337fc1eed85f": [
      "\u2020r\u00ef\u024f \u00a2h\u00e5\u00f1\u00d0r\u00e5"
    ],
    "ue1107b2ef0dc27b996e418c28270304d": [
      "(\u1a55 \ud81a\uddbf\ud801\udf67\u1abd\u2118\u2de1\uabed\ud835\uddee\u1dde\uabed\ud835\uddfb\u0363\uabed\ud835\uddf1\u0368\uabed\ud835\uddee\u1ddc\uabed\ud835\uddfb\u1ab3\u1abc\uabed\ud83d\udc09\u1dd8\u20ef\u1692\u1de2\u20ef\u1692\u0363\u20ef\u1692\u1ddb\u20ef\u1692\u2dea\u20ef\u1692\u1de0\u25c9\u1abc\u1abd\u279b)"
    ],
    "u6d383bd2f0ca2addaa72acc9419afd63": [
      "\udbc9\ude04\udbc0\udd0cincez\udbff\udfff\udbc9\ude04\udbc0\udd0f\udbff\udfff\udbc9\ude04\udbc0\udd16\udbff\udfff\udbc9\ude04\udbc0\udd05\udbff\udfff\udbc9\udf02\udbc0\udd15\udbff\udfff"
    ],
    "u96a9688ce7dafee6cd482d8911832e7e": [
      "susi"
    ],
    "u04b127acfa2f31bc12bfcc469fccebbd": [
      "Bohan.id.whitehat"
    ]
  },
  "user_gid": {
    "ua6105e31b80ad992f5dcc02003a9ecd6": [
      "c9b20262889448ed2fec30cd553758a48",
      "ce6b11187477facd8b85f4fe39c615048"
    ],
    "udeed7267b01ce8aa3bb685de9eb1faab": [
      "c9b20262889448ed2fec30cd553758a48"
    ],
    "ubcf9785fbf18b647d354e0518db12986": [
      "c9b20262889448ed2fec30cd553758a48"
    ],
    "ub7d4cd5466381468173e0ce46397f896": [
      "c6c75f0b0ef22eb7ddf537b347f4ce3f7"
    ],
    "u4375a90bf7467552589f337fc1eed85f": [
      "c6c75f0b0ef22eb7ddf537b347f4ce3f7"
    ],
    "u0f8570f994794cf4cf4b1fa02b0c5da0": [
      "c6c75f0b0ef22eb7ddf537b347f4ce3f7"
    ],
    "u2bd7bda1ef2a0472b1ab2ebf05e04737": [
      "c6c75f0b0ef22eb7ddf537b347f4ce3f7"
    ],
    "u96a9688ce7dafee6cd482d8911832e7e": [
      "c6c75f0b0ef22eb7ddf537b347f4ce3f7"
    ],
    "u04b127acfa2f31bc12bfcc469fccebbd": [
      "c9b20262889448ed2fec30cd553758a48"
    ]
  },
  "useract": {
    "ua6105e31b80ad992f5dcc02003a9ecd6": {
      "type": "read",
      "data": {
        "group": "TES BOT LINE",
        "time": 1752540328812
      }
    },
    "udeed7267b01ce8aa3bb685de9eb1faab": {
      "type": "read",
      "data": {
        "group": "TES BOT LINE",
        "time": 1752540328979
      }
    },
    "ubcf9785fbf18b647d354e0518db12986": {
      "type": "message",
      "data": {
        "text": "QUIST MATI BOS",
        "group": "TES BOT LINE",
        "time": 1752540327720
      }
    },
    "ub7d4cd5466381468173e0ce46397f896": {
      "type": "message",
      "data": {
        "text": "Pagi ayank",
        "group": "\ud83e\udd8b\u20dfx\u2071\u207f\u1d49\u1d50\u1d43 \u0299\u1d58\u1d57\u1d57\u1d49\u02b3\u1da0\u02e1\u02b8\u20ef\u1b43",
        "time": 1752538601405
      }
    },
    "569934240712491459": {
      "type": "unsend",
      "data": {
        "group": "TES BOT LINE",
        "time": 1752538603931
      }
    },
    "569934174140498074": {
      "type": "unsend",
      "data": {
        "group": "TES BOT LINE",
        "time": 1752538604159
      }
    },
    "569934150048678179": {
      "type": "unsend",
      "data": {
        "group": "TES BOT LINE",
        "time": 1752538604413
      }
    },
    "569934090556408013": {
      "type": "unsend",
      "data": {
        "group": "TES BOT LINE",
        "time": 1752538604640
      }
    },
    "569934045559914786": {
      "type": "unsend",
      "data": {
        "group": "TES BOT LINE",
        "time": 1752538604870
      }
    },
    "569889020411117739": {
      "type": "unsend",
      "data": {
        "group": "TES BOT LINE",
        "time": 1752538605103
      }
    },
    "569888839401734298": {
      "type": "unsend",
      "data": {
        "group": "TES BOT LINE",
        "time": 1752538605325
      }
    },
    "569888804723228775": {
      "type": "unsend",
      "data": {
        "group": "TES BOT LINE",
        "time": 1752538605558
      }
    },
    "569888789070086281": {
      "type": "unsend",
      "data": {
        "group": "TES BOT LINE",
        "time": 1752538605785
      }
    },
    "569887847381729332": {
      "type": "unsend",
      "data": {
        "group": "TES BOT LINE",
        "time": 1752538606024
      }
    },
    "569885374470423077": {
      "type": "unsend",
      "data": {
        "group": "TES BOT LINE",
        "time": 1752538606254
      }
    },
    "569879338732749153": {
      "type": "unsend",
      "data": {
        "group": "TES BOT LINE",
        "time": 1752538606500
      }
    },
    "569878803489226821": {
      "type": "unsend",
      "data": {
        "group": "TES BOT LINE",
        "time": 1752538606734
      }
    },
    "569878780319891529": {
      "type": "unsend",
      "data": {
        "group": "TES BOT LINE",
        "time": 1752538606969
      }
    },
    "569878744584421666": {
      "type": "unsend",
      "data": {
        "group": "TES BOT LINE",
        "time": 1752538607207
      }
    },
    "569878713630458290": {
      "type": "unsend",
      "data": {
        "group": "TES BOT LINE",
        "time": 1752538607442
      }
    },
    "569864468415905930": {
      "type": "unsend",
      "data": {
        "group": "TES BOT LINE",
        "time": 1752538607677
      }
    },
    "569863814422725127": {
      "type": "unsend",
      "data": {
        "group": "TES BOT LINE",
        "time": 1752538607901
      }
    },
    "u4375a90bf7467552589f337fc1eed85f": {
      "type": "message",
      "data": {
        "text": "\u2020r\u00ef\u024f \u00a2h\u00e5\u00f1\u00d0r\u00e5 sent a sticker.",
        "group": "\ud83e\udd8b\u20dfx\u2071\u207f\u1d49\u1d50\u1d43 \u0299\u1d58\u1d57\u1d57\u1d49\u02b3\u1da0\u02e1\u02b8\u20ef\u1b43",
        "time": 1752539133885
      }
    },
    "u0f8570f994794cf4cf4b1fa02b0c5da0": {
      "type": "read",
      "data": {
        "group": "\ud83e\udd8b\u20dfx\u2071\u207f\u1d49\u1d50\u1d43 \u0299\u1d58\u1d57\u1d57\u1d49\u02b3\u1da0\u02e1\u02b8\u20ef\u1b43",
        "time": 1752539232245
      }
    },
    "u2bd7bda1ef2a0472b1ab2ebf05e04737": {
      "type": "read",
      "data": {
        "group": "\ud83e\udd8b\u20dfx\u2071\u207f\u1d49\u1d50\u1d43 \u0299\u1d58\u1d57\u1d57\u1d49\u02b3\u1da0\u02e1\u02b8\u20ef\u1b43",
        "time": 1752539274706
      }
    },
    "569935277007569324": {
      "type": "unsend",
      "data": {
        "group": "TES BOT LINE",
        "time": 1752539319668
      }
    },
    "ue1107b2ef0dc27b996e418c28270304d": {
      "type": "update profile",
      "data": {
        "msg": "(\u1a55 \ud81a\uddbf\ud801\udf67\u1abd\u2118\u2de1\uabed\ud835\uddee\u1dde\uabed\ud835\uddfb\u0363\uabed\ud835\uddf1\u0368\uabed\ud835\uddee\u1ddc\uabed\ud835\uddfb\u1ab3\u1abc\uabed\ud83d\udc09\u1dd8\u20ef\u1692\u1de2\u20ef\u1692\u0363\u20ef\u1692\u1ddb\u20ef\u1692\u2dea\u20ef\u1692\u1de0\u25c9\u1abc\u1abd\u279b) update profile picture.",
        "time": 1752539767097
      }
    },
    "u6d383bd2f0ca2addaa72acc9419afd63": {
      "type": "update profile",
      "data": {
        "msg": "\udbc9\ude04\udbc0\udd0cincez\udbff\udfff\udbc9\ude04\udbc0\udd0f\udbff\udfff\udbc9\ude04\udbc0\udd16\udbff\udfff\udbc9\ude04\udbc0\udd05\udbff\udfff\udbc9\udf02\udbc0\udd15\udbff\udfff update profile picture.",
        "time": 1752539951895
      }
    },
    "u96a9688ce7dafee6cd482d8911832e7e": {
      "type": "message",
      "data": {
        "text": "OPEN ORDER\n\u2501\u2501\u2501\u2501\u2501\u2501\u2501\u2501\u2501\u2501\u2501\u2501\u2501\u2501\u2501\u2501\u2501\u2501\n\u25a3 Terima  pasang Bot Protect buat\n\u25a3 Room Kojom\n\u2501\u2501\u2501\u2501\u2501\u2501\u2501\u2501\u2501\u2501\u2501\u2501\u2501\u2501\u2501\u2501\u2501\u2501\n\nhttps://line.me/ti/p/wa_vV7ALg8",
        "group": "\ud83e\udd8b\u20dfx\u2071\u207f\u1d49\u1d50\u1d43 \u0299\u1d58\u1d57\u1d57\u1d49\u02b3\u1da0\u02e1\u02b8\u20ef\u1b43",
        "time": 1752540129797
      }
    },
    "u04b127acfa2f31bc12bfcc469fccebbd": {
      "type": "read",
      "data": {
        "group": "TES BOT LINE",
        "time": 1752540271219
      }
    }
  }
}